Folder,Subfolder 1,Subfolder 2,Subfolder 3,Subfolder 4
Test,,,,
Test,01 – test 1,,,
Test,02 – test02,,,
Test,03 – test 03,,,
Test,04 – test 04,,,
Test,05 – test05 ,,,
Test,01 – test 1,01 – sub 01,,
Test,02 – test02,02 sub 01,,
Test,03 – test 03,03 sub 01,,
Test,04 – test 04,04 sub 01,,
Test,05 – test05 ,05 – sub 01,,
Test,01 – test 1,01 – sub 01,01 -sub 02,
Test,02 – test02,02 sub 01,02 sub 02,
Test,03 – test 03,03 sub 01,03 sub 02,
Test,04 – test 04,04 sub 01,04 sub 02 ,
Test,05 – test05 ,05 – sub 01,05 sub 02,
Test,01 – test 1,01 – sub 01,01 -sub 02,01 sub 03
Test,02 – test02,02 sub 01,02 sub 02,02 sub 03
Test,03 – test 03,03 sub 01,03 sub 02,03 sub 03
Test,04 – test 04,04 sub 01,04 sub 02 ,04 sub 03
Test,05 – test 01,05 – sub 01,05 sub 02,05 sub 03
Test 1,,,,
Test 2,,,,
Test 3,,,,
